{
  "project_info": {
    "project_number": "981603262422",
    "firebase_url": "https://daily-brouchen.firebaseio.com",
    "project_id": "daily-brouchen",
    "storage_bucket": "daily-brouchen.appspot.com"
  },
  "client": [
    {
      "client_info": {
        "mobilesdk_app_id": "1:981603262422:android:4ff4c3d063bbda1d624e77",
        "android_client_info": {
          "package_name": "com.sanket.dailybrouchenshop"
        }
      },
      "oauth_client": [
        {
          "client_id": "981603262422-lemkidvatmii9qq7aep491gcaf1tff9b.apps.googleusercontent.com",
          "client_type": 1,
          "android_info": {
            "package_name": "com.sanket.dailybrouchenshop",
            "certificate_hash": "8ed33af7aeee890b43ed9fc2a02256b3a6a0e60d"
          }
        },
        {
          "client_id": "981603262422-4tvs2b6l2m5c6roo6ar3u7pmahaelrjc.apps.googleusercontent.com",
          "client_type": 3
        }
      ],
      "api_key": [
        {
          "current_key": "AIzaSyArf6WAxDcaGAOX00ZuMsG8UA-9jjofqrc"
        }
      ],
      "services": {
        "appinvite_service": {
          "other_platform_oauth_client": [
            {
              "client_id": "981603262422-4tvs2b6l2m5c6roo6ar3u7pmahaelrjc.apps.googleusercontent.com",
              "client_type": 3
            }
          ]
        }
      }
    }
  ],
  "configuration_version": "1"
}